{
  "name": "ComponentA_Category",
  "version": "0.2.0",
  "summary": "A short description of ComponentA_Category.",
  "license": {
    "type": "MIT",
    "file": "LICENSE"
  },
  "authors": {
    "HOMHOG": "104"
  },
  "homepage": "https://github.com/HOMHOG/ComponentA_Category",
  "description": "TODO: Add long description of the pod here.",
  "source": {
    "http": "https://raw.githubusercontent.com/HOMHOG/ComponentA_Category/master/Product/ComponentA_Category.zip",
    "type": "zip"
  },
  "platforms": {
    "ios": "8.0"
  },
  "ios": {
    "vendored_frameworks": "ios/ComponentA_Category.framework"
  },
  "dependency": "CTMediator"
}
